<?xml version="1.0" encoding="UTF-8"?>
<project-private xmlns="http://www.netbeans.org/ns/project-private/1">
    <editor-bookmarks xmlns="http://www.netbeans.org/ns/editor-bookmarks/2" lastBookmarkId="0"/>
    <open-files xmlns="http://www.netbeans.org/ns/projectui-open-files/2">
        <group>
            <file>file:/Users/jordanbradshaw/Downloads/SpielClient%203/src/client/Client.java</file>
            <file>file:/Users/jordanbradshaw/Downloads/SpielClient%203/src/spiel/ClientController.java</file>
            <file>file:/Users/jordanbradshaw/Downloads/SpielClient%203/src/spiel/Spiel.java</file>
            <file>file:/Users/jordanbradshaw/Downloads/SpielClient%203/src/client/ClientThread.java</file>
            <file>file:/Users/jordanbradshaw/Downloads/SpielClient%203/src/client/MessageHistory.java</file>
        </group>
    </open-files>
</project-private>
